"id","Y","X1","X2","X3"
1,1,-0.569356,4.520707,3.513111
2,0,-0.135269,-1.033515,1.513721
3,1,2.789891,-0.186991,-2.298726
4,0,1.128724,0.46046,0.285721
5,0,-2.796461,0.692299,0.272896
6,1,3.646737,1.496418,3.810252
7,0,-0.504051,-1.08727,0.646549
8,1,-0.930031,-0.42819,-0.119997
9,1,4.636975,0.220831,-1.628293
10,0,-0.637558,0.271095,0.095572
11,1,0.484883,0.1376,-0.917538
12,0,1.619855,-0.326534,-0.448505
13,0,-1.611042,-0.671594,0.245465
14,1,-2.410831,1.104888,2.699771
15,1,2.226533,1.242603,0.721945
16,0,-1.622185,0.599157,-0.660117
17,0,0.093261,-0.442542,-0.863954
18,1,3.354652,3.912138,3.899547
19,1,0.868347,0.994501,1.506177
20,0,2.801332,-0.222187,1.196945
21,1,-1.671372,-0.686107,-1.020608
22,1,-2.267337,-0.634973,-0.481706
23,1,0.363106,3.086418,0.751569
24,0,-1.295571,-1.064943,0.774445
25,0,-2.769861,-2.410478,1.882367
26,0,3.088037,0.085511,-0.527316
27,0,-1.749689,-0.080035,1.768008
28,0,1.940177,-0.343254,-0.48458
29,0,-3.20337,-0.97642,1.174053
30,1,1.484872,0.437754,0.206637
31,1,2.021956,1.066875,-0.436731
32,1,2.298206,-0.129515,-1.548163
33,1,2.054913,-1.739802,-1.441963
34,0,0.365516,-0.669004,-0.679126
35,1,-1.673198,-1.357748,-0.511294
36,0,0.281122,-0.834598,1.233092
37,0,-1.423851,-0.499389,1.579058
38,0,-0.267117,-0.440968,-0.493016
39,0,4.784196,0.159716,0.321492
40,1,1.927081,1.344665,-0.552992
41,1,5.072047,0.385822,0.907267
42,0,0.09814,0.476949,-1.337903
43,1,1.699056,-1.999616,1.589979
44,0,0.560411,-3.328574,0.064899
45,0,2.346319,-0.952864,0.938451
46,0,-1.003708,1.167309,-1.826944
47,0,-2.315058,-0.548147,1.704284
48,0,-2.021492,1.243321,0.646875
49,0,0.115308,0.478509,-0.270087
50,0,-3.580526,0.676343,-0.373805
51,1,2.136814,-1.80845,-0.895409
52,0,3.231335,0.59792,-1.296065
53,0,-4.454777,1.004032,0.917607
54,1,0.49933,-0.022099,2.965567
55,1,0.073326,3.596832,2.37093
56,1,-1.025886,2.048806,2.145001
57,1,2.102509,-0.100329,-0.887446
58,1,2.178307,4.091395,0.269755
59,0,1.362976,-0.263857,-1.347227
60,0,-1.568998,-0.470439,0.961276
61,1,2.636956,-1.003943,0.481676
62,1,3.661829,-3.282667,0.887355
63,0,0.100399,0.990773,-2.473033
64,0,-1.964467,0.611113,-0.473292
65,1,0.691055,-2.115019,-0.497455
66,0,4.855468,-1.579916,1.024067
67,1,-0.817201,-0.224547,1.83062
68,0,0.873876,0.699506,-0.71911
69,0,-0.195576,1.121613,0.474207
70,0,0.567933,-0.850171,-0.259992
71,0,-0.282654,-1.694162,0.976238
72,1,2.257168,-1.646523,1.920017
73,1,3.810474,-0.585629,1.294439
74,1,-2.362221,-2.948469,6.369203
75,0,-0.914714,-0.270361,0.425449
76,1,1.633529,4.515763,2.173538
77,0,-1.574044,0.431301,-0.773296
78,1,1.38209,0.941635,2.399348
79,0,1.632588,-0.576638,-0.265454
80,0,-1.106975,1.091824,-0.0587
81,0,0.238139,-1.8095,0.282161
82,0,0.087181,-0.345658,1.135053
83,1,1.086341,-1.306724,1.996649
84,1,-0.46091,2.225742,2.294918
85,0,2.893074,1.056999,-0.799271
86,0,-0.206687,-0.237247,0.335372
87,1,-1.814963,-0.708897,-0.156421
88,1,0.267247,-0.460562,3.358963
89,0,-0.751894,0.959129,-0.297651
90,0,0.388263,-0.759068,1.405942
91,0,0.872029,-0.095172,-0.472682
92,0,2.093579,2.330835,-0.906454
93,1,-0.686653,2.693742,3.32182
94,1,-0.60316,0.839609,-3.678645
95,0,-1.622533,-0.303037,1.874652
96,0,0.007964,-0.047589,-0.467187
97,1,0.204827,-0.97281,1.427528
98,1,1.921084,0.595088,0.846098
99,0,1.753333,0.906149,-1.182246
100,0,-1.432556,0.03013,-1.320849
101,0,-1.036447,-0.49234,0.000928
102,1,2.554288,1.90617,3.059995
103,1,-1.248713,-0.423092,-0.744442
104,1,1.064356,0.397079,-0.285944
105,1,0.067553,2.092579,0.849907
106,1,-0.153365,-3.016887,2.718243
107,1,-3.923681,-0.044321,-0.594368
108,1,1.261683,-1.938028,0.091523
109,1,2.630994,2.510261,3.045309
110,0,0.026878,-1.139143,1.771775
111,1,4.218636,1.662804,3.584574
112,0,-1.255584,1.064428,0.40956
113,1,2.139013,0.23276,1.551213
114,0,-2.920003,0.721968,-0.080226
115,0,-1.229411,-0.674689,0.983006
116,1,-1.836361,-4.210628,1.100636
117,0,2.103058,-1.508674,2.361018
118,0,1.227767,-0.955851,1.196527
119,1,-0.253544,0.379786,0.921641
120,1,0.73135,1.343178,-1.827248
121,0,-0.544072,-0.109896,-0.352983
122,0,0.697723,-0.403207,0.331888
123,1,3.063967,1.480577,-1.893911
124,1,0.946278,0.188256,0.871724
125,1,-0.06101,-3.276574,0.683211
126,0,3.382675,1.103321,-3.003112
127,1,-1.914723,-3.450768,2.204396
128,1,2.224069,-1.737237,-1.304777
129,1,2.755933,0.27764,1.840614
130,1,-1.395768,-1.231877,-2.226214
131,0,-0.891792,1.149907,-1.638949
132,1,0.38497,0.400295,2.592247
133,1,-0.212514,-0.528377,-1.270301
134,0,0.858414,-0.497067,-0.573797
135,1,2.131519,0.189269,3.341612
136,1,-0.357782,-1.291164,2.152615
137,1,-0.85606,1.345631,3.407508
138,0,5.275356,-1.317937,-0.205662
139,1,-1.047363,-2.445128,0.840448
140,1,2.246574,-0.466195,0.018027
141,1,1.700606,-1.380106,-0.530846
142,0,-1.838878,1.708386,-1.049905
143,1,-0.702269,0.87513,-0.596041
144,1,0.894709,3.383811,0.597022
145,0,-1.911402,-0.686777,-0.317846
146,1,2.779499,-0.592169,5.820878
147,0,-0.721185,0.656512,-0.51625
148,1,-1.789828,-3.212096,-2.749543
149,0,0.155388,-0.004356,-0.266028
150,0,-2.748929,-0.980059,1.277064
151,0,0.113198,-0.705541,0.059162
152,1,-0.322263,0.649765,-0.608322
153,0,2.146039,-1.163575,0.413228
154,1,1.234683,-1.156321,1.023372
155,1,3.275229,-0.423827,0.051654
156,1,0.520965,1.228887,4.204347
157,1,2.848717,-3.008787,-1.872637
158,1,-1.076531,0.09037,4.049654
159,1,0.865552,3.371573,1.659859
160,0,-0.54798,-1.118707,0.747447
161,0,1.530268,0.228738,-0.000723
162,1,-1.341831,-4.399178,1.008092
163,1,2.730359,-0.599651,-4.406241
164,1,0.835576,-2.266515,-0.160365
165,0,3.441151,-1.042151,-0.024947
166,0,1.39236,0.331912,-1.420214
167,1,3.046653,-0.650249,3.553709
168,0,0.474263,-0.344593,1.48144
169,0,-1.277644,-1.500381,0.898018
170,0,-0.56414,-1.799727,1.21378
171,0,-2.139975,-0.790819,1.455802
172,1,2.157357,1.638334,3.240235
173,1,-3.384854,-3.411856,0.167362
174,0,2.639486,-0.105684,-0.053277
175,0,0.644802,-1.54601,2.083521
176,0,0.340579,-0.467624,0.099908
177,0,-0.66529,-0.672176,1.048501
178,1,-0.107266,-3.611657,-0.645175
179,1,0.060939,-0.291655,1.508375
180,0,-1.199492,-0.051794,-1.027051
181,1,2.561749,-0.551818,1.71641
182,0,-1.809423,-0.388137,0.100266
183,0,-1.987397,-0.374272,0.63146
184,1,3.963031,1.910085,2.573626
185,1,-0.627013,-1.94744,-0.024744
186,0,1.035493,-0.18548,1.301842
187,1,3.166511,6.47513,6.057282
188,0,-0.276354,1.141591,-1.836318
189,0,-0.464951,-2.75877,0.887305
190,1,-1.004434,-0.903886,-2.002668
191,0,1.3806,0.836208,-0.48466
192,0,-2.468695,-0.019848,0.939168
193,1,0.820284,-1.831652,0.947585
194,1,3.274503,-1.790775,0.866361
195,0,-2.188206,-1.661744,0.259895
196,0,-0.11229,0.267036,-0.786604
197,1,1.751056,-0.120677,1.543853
198,0,-0.209061,-0.032036,0.01056
199,1,2.00759,-1.461229,2.731113
200,1,1.305508,0.560401,0.956975
201,1,0.78678,0.296248,1.33867
202,1,2.023865,1.929306,3.91823
203,0,1.9895,0.849607,0.656686
204,0,0.353668,-0.827028,-1.505249
205,0,-2.100596,1.482767,0.769795
206,1,2.502064,-1.173684,2.930211
207,0,-0.968656,-2.114458,1.607199
208,1,3.376314,0.910616,1.901434
209,0,-0.956472,-0.011173,0.139373
210,0,0.797546,-1.735303,1.160026
211,1,0.447339,-2.659893,3.827958
212,0,1.68154,-2.268813,1.774529
213,1,1.598649,-1.681341,-0.388353
214,1,2.884733,0.111035,2.619459
215,0,2.790963,0.460278,-0.874435
216,1,2.970311,-1.057973,-0.498268
217,1,-1.427222,-0.493344,-1.05177
218,1,0.633656,0.196744,3.404282
219,1,4.509525,-1.836295,2.27863
220,0,2.245534,0.403877,-0.203615
221,1,1.002054,-1.858483,1.522042
222,1,1.638356,3.853831,2.991618
223,0,-1.156644,0.68944,-0.355896
224,0,0.19971,-0.437718,0.449968
225,1,3.082627,-0.992912,1.565972
226,1,1.809782,-1.145517,2.635122
227,0,0.826845,-0.723484,0.378158
228,0,-0.787408,-0.820743,-0.153558
229,1,1.648634,-0.966661,1.500306
230,1,-1.110338,2.97292,3.422714
231,1,4.061946,2.102096,1.969577
232,0,2.27091,0.692327,-0.560773
233,0,-0.509985,0.113311,0.579515
234,1,2.602227,-3.806213,-0.81423
235,1,1.276678,-3.753282,-3.36255
236,0,-2.680103,0.23664,-0.629804
237,0,0.307519,-0.859191,-0.595135
238,0,0.075037,1.461604,-0.649534
239,0,-1.562367,-1.263758,1.280617
240,0,-0.286371,-0.34838,3.480516
241,1,1.304583,-1.020996,1.79838
242,0,-3.60082,-1.218112,1.110442
243,1,2.397745,0.712054,1.780984
244,0,-0.117412,-0.013067,0.387697
245,1,-0.380135,-0.110584,3.53913
246,0,0.102336,0.198602,-0.51245
247,0,2.539885,-1.263489,-1.037994
248,0,-0.842543,-0.582186,0.993551
249,1,2.954338,-0.215651,2.844165
250,0,0.29666,0.80759,0.747849
251,1,-1.374192,1.423381,0.596213
252,0,2.678404,-0.873303,-0.061392
253,0,3.179027,-1.272119,0.241023
254,0,2.396085,-2.065728,1.008314
255,1,7.72009,2.07229,1.091591
256,1,1.261011,-4.893639,2.598577
257,1,2.14311,1.853179,1.548139
258,1,1.603468,-0.803535,0.707302
259,0,1.156054,-0.377397,-0.233143
260,1,1.606772,1.463603,0.948636
261,0,-2.27649,-0.854733,1.249681
262,0,-3.283985,0.744801,0.863157
263,1,3.068315,1.719104,0.549267
264,1,-1.134083,2.888985,0.191159
265,1,0.939955,-0.204514,-0.918161
266,0,0.344209,0.386729,2.349035
267,1,5.301883,0.485908,0.274637
268,1,-1.978572,-0.570712,-0.615062
269,1,3.636907,1.865305,-0.987216
270,0,-0.184447,0.525118,-0.562654
271,0,0.519485,0.085714,-0.433431
272,1,-0.327431,-3.956028,-0.676263
273,0,1.262484,0.974385,-0.831949
274,0,-2.163962,-0.168039,0.948856
275,0,1.918318,0.067404,1.053918
276,1,-2.737507,-2.039847,-2.571115
277,1,-0.101574,1.763939,0.452579
278,1,-0.685482,-1.253197,1.892091
279,0,2.45434,-0.691551,-1.00138
280,1,0.131661,-0.557926,4.614549
281,0,2.817222,0.044477,-2.067371
282,1,-0.034649,4.227146,2.427291
283,1,0.87542,-1.112447,0.122999
284,0,0.02821,0.250508,-0.238324
285,0,1.391681,-1.519162,-1.236758
286,0,-0.983692,0.467205,-0.565533
287,1,2.865622,0.829558,3.448141
288,1,-1.055385,0.374044,-2.189777
289,0,3.215356,-1.951215,-0.921127
290,0,-0.61512,-1.546707,1.135254
291,0,-0.025143,-0.823439,2.219482
292,0,-0.48235,1.690634,-0.210184
293,0,0.296578,1.136602,-0.463849
294,1,-0.704607,0.704789,-3.907022
295,0,4.666542,0.093673,-2.073054
296,0,2.161145,-0.442583,-0.956401
297,0,-1.962491,2.046445,0.651494
298,0,2.595768,-0.599394,-0.54212
299,0,-0.599996,-0.965392,0.203938
300,0,0.725085,-0.779213,-0.163564
301,0,-2.966495,2.130794,-0.896905
302,0,-1.82557,0.008743,0.006852
303,0,1.692861,-0.981729,-0.184352
304,1,1.398313,2.738414,3.265904
305,0,-1.15905,0.58478,-1.575817
306,0,1.827001,0.309429,-1.848383
307,0,0.048345,-0.16822,0.015191
308,1,2.635037,1.480136,-1.136899
309,1,2.477028,-0.981353,1.146298
310,1,2.088,2.217893,4.121389
311,1,0.492506,1.871257,-0.730568
312,1,0.826732,-1.499467,-0.500098
313,1,1.483279,0.268793,-0.733836
314,0,-0.50519,1.110987,-0.460869
315,1,-0.10284,1.403902,-0.544664
316,1,4.954726,0.544997,2.879524
317,0,-2.34026,-0.858461,0.949075
318,0,2.396473,-0.564481,0.838764
319,1,-2.536139,-0.231935,-2.767314
320,0,2.386582,-0.066236,-0.331527
321,1,0.289729,0.767385,-3.421131
322,1,0.866774,-1.643695,-1.602163
323,0,-0.765639,-3.411111,1.888039
324,1,1.778956,2.067274,1.618291
325,1,5.091733,4.712356,1.279808
326,1,2.071977,0.381257,0.594114
327,1,-1.728736,-1.471542,-2.100599
328,0,0.200319,-0.555477,1.712814
329,1,0.977885,-3.15646,2.194294
330,0,-0.448147,-0.079949,0.112751
331,0,-0.053526,0.410083,0.965246
332,1,3.908136,-1.19453,3.838967
333,0,-1.496831,2.062178,0.539876
334,0,-0.595177,0.781163,-0.261859
335,1,-0.115279,-1.27067,0.215797
336,1,0.096474,0.551192,0.004767
337,1,3.559658,1.991205,2.882379
338,0,1.41409,0.19548,0.893883
339,0,-1.341848,-1.373952,0.498175
340,0,-0.395382,-1.24152,1.881949
341,1,0.301467,-4.664368,0.074481
342,1,1.162065,-1.722525,1.531381
343,0,0.094413,-1.175345,-0.112807
344,1,1.625144,-2.375546,-2.054178
345,0,2.861516,-2.181638,0.793556
346,0,-1.41249,1.176948,-1.133984
347,1,-0.141328,2.980543,2.54535
348,1,-2.081793,-0.665052,-0.49089
349,0,-2.302081,0.458432,0.165955
350,0,1.201488,1.542865,-0.708226
351,0,-0.514125,0.973684,-0.938629
352,0,0.870058,-0.964872,-1.152328
353,0,-0.419654,-0.91335,-0.31515
354,1,-0.898001,1.050873,4.031329
355,1,1.27129,-2.016054,1.697295
356,0,0.186732,-1.223778,-1.640104
357,1,3.443326,1.622948,1.944818
358,0,-1.362029,-0.099173,-0.306211
359,0,1.123432,-0.385705,-0.131293
360,0,0.685768,1.402318,-0.079002
361,1,1.295809,0.71508,5.140477
362,1,3.164035,-1.955557,4.621522
363,1,0.293137,-1.845645,2.489634
364,0,-0.336747,-1.122656,1.361115
365,1,2.670996,-1.282639,2.850427
366,1,1.293329,1.045927,3.499682
367,0,0.438122,-0.490404,-0.085299
368,0,1.615649,-1.603267,0.085689
369,1,2.2696,3.308145,3.139425
370,1,-0.568568,-3.174124,1.381139
371,0,0.764615,0.698683,0.156314
372,0,-1.455191,-0.695364,1.333292
373,0,-2.09356,-0.449258,0.453082
374,1,2.129485,0.062863,-2.568116
375,1,1.307053,-0.118965,-0.236108
376,0,-0.678207,0.626171,0.021381
377,1,-0.641378,0.673309,2.962133
378,0,-0.951574,1.047401,-1.422541
379,0,-1.998519,3.354288,-0.536061
380,0,0.298454,-1.698462,-1.1607
381,0,0.34101,-1.17402,0.037325
382,1,-0.529627,0.018368,-0.973446
383,1,1.232764,2.058458,0.469374
384,0,-0.079549,0.727034,-0.111286
385,0,-0.89845,0.188908,1.964783
386,1,1.584752,-0.599664,1.733858
387,1,-0.058414,0.255601,0.374667
388,1,0.125501,-2.023234,1.781
389,1,-0.427586,2.255662,3.077358
390,1,3.49464,2.171878,4.11832
391,0,-0.759391,0.662281,0.569389
392,0,-0.339082,0.340082,-1.691814
393,1,-1.606238,2.322199,-0.405793
394,1,2.696838,-0.858783,-2.798402
395,0,2.572839,-1.993901,0.068096
396,1,-0.551276,0.581314,1.478655
397,1,2.160658,-1.60806,-0.404357
398,0,-0.166787,-1.477558,0.905527
399,0,0.648568,-1.377899,1.220786
400,0,-0.104412,1.759404,-1.091956
401,1,3.858073,0.995394,0.321103
402,1,5.516158,0.159931,3.026837
403,1,-0.415723,3.278924,2.310848
404,1,0.751388,0.014421,3.015794
405,0,-0.845499,0.077266,0.410547
406,1,2.389635,-0.890842,3.364783
407,0,-1.62828,0.78462,-0.383422
408,0,1.974382,-0.618643,-0.648136
409,0,0.507183,0.312429,-0.354697
410,0,0.317192,-0.058177,1.067212
411,1,-2.236978,-1.106913,-2.507857
412,0,-1.370585,1.48487,-1.045748
413,0,3.821389,-1.694311,-0.662118
414,0,1.902042,-0.467118,0.228909
415,0,1.112121,-0.431428,0.060673
416,1,4.598088,0.800678,1.034305
417,1,0.30643,2.632795,0.766658
418,0,-2.248709,0.664303,-0.461384
419,0,-0.686498,1.229442,-0.721199
420,1,0.823297,0.544392,4.200818
421,1,0.322664,2.135042,0.711911
422,1,3.098284,1.47148,2.525151
423,0,-2.848682,-0.476879,1.323008
424,0,-1.293078,0.515701,0.128565
425,0,1.0923,-0.503899,-0.495784
426,0,3.157234,-2.426377,0.472459
427,1,3.545559,1.241993,1.129164
428,1,0.507794,0.554673,1.978488
429,1,-0.115351,0.529738,-0.470772
430,1,0.059912,-1.89031,-3.23538
431,0,1.39397,0.949021,-1.117025
432,1,-1.139023,-0.276102,0.320261
433,1,0.784247,0.822494,-0.112971
434,1,1.200846,-1.654385,1.565965
435,1,3.124433,-0.287102,0.424005
436,1,4.046568,-0.488926,4.035953
437,0,-0.748472,-0.191292,-0.508157
438,0,0.705978,-0.428499,0.192152
439,1,1.797661,-1.974188,-0.901892
440,0,1.101387,0.494381,0.178377
441,0,-1.694105,0.146728,-0.450664
442,1,0.201628,0.239294,4.593126
443,0,-3.149428,0.873442,0.359611
444,1,0.194048,3.537217,1.963523
445,1,-0.122157,-4.136531,-1.541358
446,0,-2.725652,-0.768914,-0.804979
447,1,0.548925,-0.702632,-1.553891
448,1,-0.87569,-1.05457,-1.371365
449,1,0.54957,-0.615896,1.301483
450,1,0.527975,-1.667845,-2.004193
451,0,-1.249854,0.30104,-1.219899
452,0,1.127211,-0.735101,-0.693125
453,0,0.540544,0.291275,-0.429952
454,1,-0.025912,0.765695,2.558551
455,1,3.36238,2.403523,-0.345115
456,0,2.042582,-0.65528,-0.048845
457,0,0.818219,-0.617985,-0.594203
458,0,0.49667,-0.00541,-1.242939
459,0,1.601632,-0.16408,0.393064
460,1,-0.527407,0.183338,0.29673
461,1,3.546303,0.543619,1.671097
462,0,-0.033408,0.522379,1.267734
463,1,2.83432,-1.600653,1.358208
464,1,1.350062,3.596885,5.023225
465,1,0.861206,-1.979481,-2.311053
466,0,-0.105492,-1.367439,1.263294
467,0,-1.543838,-1.095566,1.694069
468,0,1.94471,0.263043,-1.173447
469,0,2.238038,-0.061761,-0.099159
470,1,-1.196469,3.082538,-0.985075
471,0,-1.417827,0.772941,0.291391
472,1,-0.165413,-0.681969,0.315147
473,1,0.127585,0.50753,1.083137
474,0,-1.063753,-0.513473,0.846847
475,1,1.385425,1.427296,2.670113
476,1,0.643579,-0.053932,0.265359
477,1,2.810464,4.110842,2.4033
478,1,1.673178,1.56862,3.866731
479,0,-0.14182,-1.343643,1.469463
480,0,-0.104772,-0.06604,-0.449614
481,1,2.570674,3.072073,4.328289
482,0,-1.401487,0.49874,-0.931832
483,1,0.924524,-1.513249,2.046061
484,0,0.271949,-0.239889,0.199169
485,0,-1.216758,-0.088878,1.048411
486,1,0.867927,1.361178,1.283834
487,0,-0.05904,0.782902,-0.122564
488,1,2.968909,-2.188441,1.386958
489,0,1.242458,0.978135,-0.605954
490,0,1.243474,-0.62715,0.017136
491,0,-2.486797,1.520115,-0.545513
492,0,-2.411836,0.642183,0.892621
493,0,-2.691086,-0.880525,0.605867
494,1,-1.121314,-0.609521,0.359215
495,1,2.421908,2.200536,2.977236
496,1,2.022036,0.041183,0.217378
497,0,0.947719,0.282214,-2.144737
498,1,-0.901822,0.596472,1.268883
499,1,4.024542,3.349308,-1.273555
500,1,2.401107,-3.21848,1.74458
501,1,1.902395,5.049773,1.168752
502,0,0.758661,0.030821,0.683829
503,0,2.790283,0.2263,-0.944768
504,1,0.124533,-3.240855,2.456528
505,0,-0.482202,0.200746,-0.299861
506,1,3.838944,-0.596566,-0.101839
507,0,2.403023,-1.055719,-0.525668
508,1,3.121221,1.499691,3.881116
509,0,-0.441658,1.094819,-0.467839
510,0,-0.824696,1.077084,-0.739443
511,0,1.269423,-0.729461,0.623638
512,0,0.474389,-1.874842,-0.627734
513,1,-1.556396,-0.968638,3.746984
514,0,1.412398,-1.060514,-0.581168
515,0,0.775654,0.433088,-0.425598
516,0,-0.181547,-0.271559,-1.508163
517,1,3.314948,-1.487851,1.291144
518,1,0.760487,1.593263,-2.600095
519,1,1.507116,2.11897,0.418591
520,1,0.540011,-1.08394,0.762308
521,0,-1.139125,1.081079,0.192171
522,0,1.480394,0.149937,-1.13387
523,0,-0.517118,-0.157522,-0.10449
524,0,-1.748769,-1.43121,0.746791
525,1,2.443694,-0.279662,-0.420215
526,1,-1.793491,-2.748521,-1.273645
527,0,2.854861,-2.261734,-1.079871
528,0,-0.921225,-1.243869,1.289952
529,0,3.657323,-2.457512,0.441558
530,0,1.126343,-0.591719,0.098374
531,1,4.072862,2.377648,1.732941
532,1,2.825124,1.885709,6.562047
533,0,-1.076555,-0.731359,1.098064
534,0,1.091795,0.507364,-1.66604
535,1,2.984229,2.76825,4.593693
536,1,-0.759119,3.93288,2.992883
537,1,-0.460333,-4.029138,-1.318873
538,0,-0.668369,1.260355,-2.035515
539,1,0.603106,0.974741,2.764678
540,0,0.728405,-0.142725,0.918845
541,0,1.236794,-0.539565,-0.172357
542,0,-0.347136,-0.122221,-1.005776
543,0,0.263996,0.047702,0.273093
544,0,-0.345826,1.941771,1.08771
545,0,2.679607,-2.794544,0.863432
546,0,-0.583286,-0.136393,0.286254
547,1,3.704586,2.738546,3.671189
548,1,-2.125429,-0.324306,3.288599
549,1,2.001626,-1.557577,3.557749
550,0,3.68479,-1.499217,0.292539
551,0,2.072678,1.406947,-2.029636
552,0,-1.805923,2.061585,-0.465398
553,0,1.090754,0.666609,-0.472085
554,0,1.044766,-0.29577,-1.469764
555,0,-0.196811,-0.394214,-0.844521
556,0,2.428584,-1.369574,0.062945
557,0,-0.765908,0.526101,-0.596428
558,0,-1.514644,0.688342,-0.080964
559,0,0.382138,-0.10735,0.896635
560,0,-1.696063,0.85159,-0.945815
561,0,1.496215,-0.800115,-0.794929
562,1,-1.069813,3.845212,1.402376
563,1,-4.22967,0.340782,0.442233
564,0,-0.152542,0.580575,-0.323061
565,0,2.299388,2.122038,-0.483769
566,0,-2.131551,1.643944,0.357758
567,1,1.036608,-0.890081,1.231676
568,1,-0.142903,3.136171,4.085689
569,1,2.083505,-0.424617,1.168338
570,0,-2.19846,1.418165,-0.240774
571,0,1.298239,-0.650207,0.076281
572,1,1.091104,0.310852,1.092021
573,0,1.380001,-0.677177,0.285558
574,1,0.644789,1.321961,-1.681917
575,1,1.249412,1.01732,2.054015
576,0,0.441714,1.438963,-0.986896
577,0,-0.893437,-0.408009,0.340236
578,0,-1.440692,-0.717596,0.986378
579,0,-2.50878,0.867582,0.759918
580,0,-0.935348,-0.113297,0.547743
581,0,-1.362156,-0.170037,-1.486944
582,0,0.024723,-0.482005,0.598971
583,0,-1.799133,-0.746526,-0.921115
584,0,0.807771,0.588857,-0.293021
585,0,-1.692856,2.529368,-1.648298
586,1,-2.292409,-0.410392,1.340244
587,1,1.58285,1.091285,-0.599043
588,0,0.565211,-0.682605,-0.251528
589,0,-1.449026,1.345771,0.145898
590,1,0.401896,-2.895103,-0.501315
591,1,3.72062,0.857634,0.532071
592,1,0.216912,2.470334,-2.048969
593,0,0.830615,0.357128,0.423618
594,1,-0.528535,-0.986179,2.650198
595,1,3.072276,0.164943,2.997727
596,1,-0.901753,-0.173647,1.57985
597,0,-2.357994,0.89734,0.404843
598,1,-0.89175,-1.32431,1.520628
599,1,1.565945,1.197304,0.279232
600,1,1.358721,0.958528,0.69292
601,0,2.610306,0.852613,-1.43281
602,1,-0.379717,1.891325,-0.304327
603,1,2.544089,-1.670027,1.330756
604,1,3.44059,2.454747,2.770071
605,0,-1.546864,0.157693,1.074392
606,1,3.405645,-0.131881,1.94816
607,0,-1.77433,-0.740437,-0.552899
608,0,0.551906,-0.487814,0.069252
609,1,1.325739,-2.857651,0.017857
610,0,2.442065,-0.228884,-0.711776
611,0,1.233419,1.118393,0.253126
612,1,0.314459,5.191913,1.676767
613,1,-3.356066,-5.445449,1.455748
614,1,2.245842,-1.070412,0.635661
615,1,1.11357,-1.399367,0.96451
616,0,-0.626032,-0.002903,-0.155459
617,1,2.130888,-0.044177,1.430241
618,1,-0.580266,-0.441916,2.943642
619,0,2.773127,-0.638353,-0.007782
620,0,-0.333201,1.096465,-1.696957
621,0,1.874719,0.841907,0.549787
622,1,1.879407,-2.228658,1.215776
623,1,1.700937,3.047875,1.857257
624,1,1.912544,-1.245791,-0.226659
625,1,-0.849953,1.500222,2.168463
626,0,0.957316,0.614741,-0.22821
627,1,2.614457,1.401291,1.82203
628,1,4.066899,0.678291,3.845381
629,0,1.261288,1.086141,-1.354096
630,1,1.350407,-1.368338,3.400375
631,1,2.764362,1.914365,0.785183
632,0,-1.293713,0.079102,0.551225
633,1,-0.558551,-3.181421,1.49124
634,0,-1.026539,1.083693,0.187032
635,1,3.74624,-0.973985,1.610913
636,1,4.805017,2.004045,3.520415
637,0,-0.243405,-1.082891,0.340857
638,0,-3.198569,1.060725,0.923092
639,1,0.563626,-0.948644,3.488381
640,1,-0.434475,-0.427206,3.802927
641,1,1.919181,-1.034103,2.878969
642,0,-4.46636,1.024045,0.292986
643,0,-0.481542,-0.158769,2.050704
644,1,1.97641,0.700063,1.656709
645,0,-0.049634,0.638239,0.221624
646,1,3.190453,-0.374135,0.851326
647,0,-3.187301,-1.454579,2.369125
648,1,0.64254,-0.337248,3.237099
649,0,1.243692,-0.852492,-0.867888
650,0,-1.081566,-0.092359,2.121032
651,0,-2.381101,1.066404,-0.580785
652,0,-2.552051,-2.067404,0.908534
653,0,5.288178,-0.233293,-1.531131
654,1,-0.400296,-0.980003,2.471042
655,0,2.502066,-1.020754,0.00396
656,0,0.594885,0.062651,0.237191
657,1,2.670778,-0.529905,1.753941
658,0,2.589384,-0.338172,-0.660213
659,0,-1.83079,-0.426732,-0.917367
660,1,1.961207,-1.0848,1.421683
661,0,-2.50792,2.138074,-2.012528
662,0,2.273902,0.21999,-0.321642
663,1,-0.238564,2.227984,-2.611689
664,0,0.284927,-0.113052,0.133412
665,0,1.258506,-0.062079,1.104907
666,0,-0.583148,0.583471,-1.595319
667,0,-0.22237,0.1709,0.019411
668,1,2.684315,0.559445,1.244745
669,1,2.58188,1.663084,2.354356
670,1,2.883468,1.288875,-0.113761
671,1,-3.424619,-0.821301,0.056856
672,0,1.263599,-0.345687,0.259271
673,1,0.537141,-0.183025,2.869085
674,1,3.530324,-0.457718,-0.087638
675,0,-0.928917,1.2689,0.5068
676,0,-0.538808,0.226166,-0.395421
677,0,-2.608498,2.553711,0.590639
678,1,0.918245,0.524892,-0.607842
679,1,-0.657016,-3.768066,-1.260804
680,1,3.218832,4.880606,3.313968
681,0,1.87566,-1.924859,1.168925
682,1,-2.750406,-2.213204,-1.231194
683,0,4.39721,1.315238,-2.374001
684,1,-0.780279,-1.176343,0.582941
685,1,1.924861,2.369575,3.791481
686,0,0.617261,0.72751,-0.50082
687,1,-0.186143,-2.482599,-1.512786
688,1,-0.265786,-0.917883,4.120101
689,0,2.468325,-0.6388,-1.240014
690,1,-1.879108,-1.838791,1.701873
691,1,-1.265364,-2.298185,3.261751
692,1,3.864778,0.751057,0.961005
693,0,-0.693522,-1.00667,1.07318
694,0,-0.260281,0.929009,-0.097066
695,1,3.696386,1.427742,5.72038
696,0,0.402184,-1.081679,0.814829
697,1,2.951032,2.71187,5.207258
698,0,0.891882,-0.080066,-0.029256
699,0,1.208489,0.315895,-0.457898
700,1,1.092512,-2.536499,1.381266
701,0,2.979635,-1.740846,-0.047624
702,1,0.381906,-3.377075,-0.781638
703,0,0.012567,-0.416428,0.190081
704,0,0.082156,0.721379,-0.084951
705,0,-2.980927,-0.245012,-0.894554
706,1,5.389941,-1.87467,-1.169595
707,0,-2.342244,-0.348414,1.468493
708,0,-0.841594,0.221366,-0.889115
709,0,0.871612,-0.261741,1.552031
710,0,1.832024,-0.209447,0.078048
711,0,0.959616,0.281989,-1.383168
712,1,3.587518,1.230531,0.57647
713,0,-1.503937,-0.130067,-0.928942
714,1,-0.137667,0.811378,-0.658837
715,0,1.836154,-1.531844,1.206422
716,1,-1.597664,-1.499072,-0.721254
717,1,0.834121,-1.455492,-0.746701
718,1,2.111004,0.710053,1.890519
719,0,-1.997734,1.61444,0.201631
720,0,3.050524,0.6784,-1.178979
721,1,-1.384137,-0.656769,0.259094
722,0,2.213414,0.431828,0.423444
723,1,-2.876618,0.235481,1.160725
724,1,5.29884,-0.972455,2.373725
725,1,-1.000321,2.240593,0.201683
726,0,-2.998384,1.564788,-0.113279
727,0,3.840934,1.341943,-0.238992
728,1,-2.088374,3.638691,-0.27498
729,0,-4.973066,1.609181,-0.647484
730,1,2.647767,-2.09156,2.161334
731,1,1.551758,-0.70105,1.125687
732,1,1.201717,1.950974,3.78575
733,0,2.135127,-2.123156,0.899193
734,1,2.489207,-0.132685,-0.52354
735,1,0.865836,0.517525,-0.526592
736,0,-3.144817,-1.156578,1.386196
737,0,3.6894,-1.768692,-1.337292
738,0,1.188299,-1.621521,-0.574062
739,1,0.711954,-0.075063,-1.902758
740,0,2.870076,-1.560865,-1.291253
741,1,1.558196,0.918939,0.55996
742,1,0.560387,-0.049979,2.01779
743,1,0.367934,1.322831,1.382723
744,0,-1.585303,1.277592,1.245284
745,1,2.951447,1.525214,1.872801
746,1,-1.758671,-2.426328,0.867309
747,0,0.155058,0.494382,0.106021
748,0,-1.938801,0.224489,1.864352
749,0,1.094863,-0.690138,0.969693
750,1,-2.370728,-0.086282,1.167028
751,0,1.247812,-0.222672,-1.840111
752,0,2.325401,-0.783596,0.337528
753,1,-2.103044,-2.587555,-1.336967
754,0,0.584836,-0.180739,0.577576
755,1,0.066771,-1.601156,3.631003
756,1,-2.278251,-2.01943,-1.378617
757,1,-0.922516,0.104996,2.405554
758,0,2.284463,-0.212524,-0.486714
759,0,-1.691223,-0.416416,-0.93613
760,0,-1.3114,1.979606,-0.766753
761,0,1.753263,0.624209,0.199729
762,1,-1.311234,1.90104,0.068045
763,0,-1.667657,0.156419,-0.447403
764,0,-1.710276,-0.344628,0.730287
765,1,0.078917,-1.234848,-0.844165
766,1,2.215664,-2.253418,0.735827
767,0,1.846406,-0.62447,-1.058042
768,0,1.635846,-1.250813,1.162841
769,0,0.25359,0.630969,-0.053525
770,0,4.48641,-0.933252,-0.395974
771,0,0.208787,1.430819,-0.322153
772,1,1.566353,0.836223,0.229386
773,0,1.65048,0.228859,-1.182548
774,1,2.999094,-3.268688,1.73655
775,1,0.673349,1.606092,4.899777
776,0,1.645605,-0.890276,-0.832403
777,1,0.346872,-3.418,0.120552
778,0,-0.957887,-0.647414,-0.968233
779,1,-2.47368,-0.206051,0.910611
780,1,1.585394,1.452187,1.937749
781,0,-0.010898,1.84591,-0.533589
782,1,0.948195,-0.802031,0.743392
783,0,3.880721,1.128803,-1.799198
784,0,-2.754722,-0.423872,0.004816
785,1,3.431858,1.774119,3.110147
786,0,0.568201,0.077533,-0.254991
787,1,0.02253,-2.292357,1.372935
788,1,-0.322969,-2.131461,2.240685
789,0,1.181244,-1.792587,0.028427
790,0,-1.379101,2.336042,-0.047661
791,1,-0.896749,0.468949,0.034919
792,0,-2.142783,0.572535,-0.256038
793,0,2.581326,-1.770648,-0.153229
794,1,-3.06056,0.447054,-0.529488
795,1,-0.360366,-1.55805,-0.385292
796,1,1.197089,0.044979,-0.181344
797,0,-2.501646,1.800383,-0.213981
798,0,3.635713,-0.474358,-1.796647
799,0,-1.365815,0.561807,1.542803
800,1,0.52242,1.984144,0.476807
801,1,2.365721,1.451596,4.520318
802,1,5.984697,0.504161,2.072156
803,0,3.45821,-0.132642,-1.27096
804,1,-1.845096,0.6951,2.413928
805,0,-2.571709,-0.805855,1.832098
806,1,2.373638,0.245259,4.593544
807,0,1.977401,1.111335,-0.335041
808,1,1.17148,0.580763,2.318299
809,1,1.547851,1.045144,3.662054
810,1,3.464162,-1.742368,3.916313
811,1,3.952838,-1.547681,0.335257
812,0,-1.790406,0.263573,-0.072376
813,1,0.413661,0.123907,0.344439
814,0,2.559486,-0.475844,0.49739
815,1,0.058286,0.039603,2.062688
816,0,-0.469295,-1.025165,1.194538
817,0,2.107721,0.544325,0.27654
818,0,3.336806,-0.418954,0.023282
819,1,-0.191184,-1.960569,1.204823
820,1,0.412324,2.247785,1.35334
821,0,1.012263,0.513708,0.032929
822,0,1.759836,0.189689,-0.845127
823,1,2.86038,2.726453,-0.331836
824,0,-2.793156,-1.17005,1.130111
825,1,-0.962913,-2.125742,-2.009554
826,1,-0.864215,1.372618,-1.862538
827,0,2.038456,0.595731,-0.860564
828,1,-0.876564,0.224244,-1.977769
829,0,-1.570396,1.147007,1.291648
830,0,0.18378,0.530838,0.07784
831,0,1.320177,-0.915356,0.446216
832,0,-0.122647,0.58104,-0.2964
833,1,0.154712,2.806637,5.099858
834,1,1.724752,-1.812411,-0.134157
835,1,4.569126,-0.03127,4.344511
836,1,-1.982301,1.478423,2.321609
837,1,0.62494,1.947963,-0.279281
838,0,-2.125049,0.75231,-0.560659
839,1,1.154611,-0.291187,-1.200743
840,0,-0.48108,-0.880273,-0.402899
841,1,0.575565,2.155884,-0.086643
842,1,-3.101544,-0.442233,0.218805
843,0,-0.625669,0.118083,1.377625
844,0,0.093004,0.551112,-0.618091
845,1,2.540906,1.171937,2.806179
846,0,2.564209,-1.536155,-0.395241
847,0,1.286059,0.309711,0.474579
848,1,1.020467,-1.522575,2.380409
849,1,0.107899,-0.200914,5.277052
850,0,1.50587,-0.18764,0.396054
851,0,0.658174,1.90483,-0.961556
852,1,-0.464749,0.742923,-0.584954
853,1,-0.509935,3.192489,3.019995
854,1,0.182002,-0.825064,1.907624
855,1,2.117555,0.152767,0.226071
856,1,2.121042,-4.498692,1.105507
857,1,-1.847873,-0.815494,-1.366001
858,0,-1.376642,-0.244334,0.570254
859,1,1.078009,-1.522327,-0.267084
860,1,2.214868,-1.165587,-1.166835
861,1,2.769945,0.437915,4.800281
862,0,-2.811983,0.777104,-0.31303
863,1,4.929728,5.854342,3.336307
864,1,4.769274,-3.498592,2.775144
865,1,2.681481,2.355661,4.768568
866,1,1.241029,2.317305,2.699453
867,0,0.83062,-0.295961,-0.762599
868,0,1.304319,-0.703177,-0.675335
869,0,0.970931,-0.72828,-1.197795
870,0,-0.848194,-0.77982,0.438263
871,1,-0.183723,0.273789,3.499833
872,1,-0.693969,-3.790026,-2.039677
873,1,1.918789,0.137168,1.101079
874,1,1.062473,-0.930374,6.464765
875,0,0.329656,-0.215583,-0.439362
876,0,4.244981,-0.68154,-1.533732
877,1,0.875043,-1.180424,1.22474
878,1,4.753905,-0.272732,3.20177
879,0,4.095145,0.099062,-1.855147
880,0,-0.333699,0.470657,0.050605
881,0,-1.614979,0.240874,-1.133638
882,0,-2.053176,-0.093256,-1.151719
883,0,0.003234,-1.592393,-0.826843
884,1,0.311837,1.465312,3.866401
885,0,4.137479,-2.552253,1.52225
886,0,-1.391451,-1.012282,0.270138
887,1,5.597094,2.135662,3.765496
888,0,-2.768964,-0.511544,-0.513114
889,1,0.670786,2.518502,4.263092
890,0,1.226266,-0.762118,0.327258
891,1,5.120709,-1.668216,3.407994
892,0,-1.649296,-1.261103,1.713877
893,0,-0.348741,0.548161,-1.678415
894,1,2.148724,-0.626115,5.023245
895,1,0.432958,-3.790818,-0.450058
896,1,-3.47207,-0.325163,2.545559
897,0,0.77786,-0.215613,-0.146963
898,1,3.409962,-0.167309,1.311231
899,0,1.68695,1.328474,-2.07849
900,0,-0.073275,-0.048266,-0.914858
901,1,2.905653,3.496292,-0.970422
902,1,0.283291,-2.524592,-0.605268
903,0,-0.876974,0.019014,-0.28152
904,1,1.669694,2.529423,0.041618
905,1,1.798202,0.115606,3.89986
906,0,1.630191,0.493796,-1.507876
907,1,3.835083,0.624404,-0.839779
908,1,-3.153277,0.048157,-1.69781
909,1,3.730536,1.698499,-0.604534
910,1,3.310944,0.567213,2.082964
911,1,-0.259334,1.080025,-1.221503
912,0,0.466463,0.447896,-0.282556
913,0,-3.672489,-0.058105,0.732736
914,1,1.010106,0.814522,0.416129
915,0,4.552899,1.052507,-2.25672
916,0,-1.18141,0.82826,0.363104
917,0,-2.192288,0.334172,0.223384
918,1,0.104513,-0.2747,1.179136
919,1,0.682678,2.031312,1.699716
920,0,2.376885,-1.970317,-0.214085
921,1,1.607065,-0.282159,-0.804053
922,1,3.551576,-0.629973,0.660278
923,1,3.283954,0.443669,2.595199
924,0,3.388353,-2.118174,0.474717
925,0,-1.863476,1.510722,0.311756
926,1,4.637735,1.095957,4.376888
927,0,-1.903918,2.40577,-0.184084
928,1,2.122378,-2.732123,3.543313
929,1,0.589062,-3.098314,-2.964124
930,1,-1.80818,-2.202789,0.821264
931,1,-2.454534,-3.045854,0.968386
932,1,4.321942,1.422874,1.830378
933,0,0.114445,1.450411,-1.870636
934,1,-5.221523,-2.314379,0.341641
935,0,2.077417,-0.621656,0.775151
936,1,3.016321,-1.709878,-4.644898
937,1,1.778055,-0.119597,1.544214
938,1,4.405433,-0.648594,1.038151
939,1,3.432988,-1.749001,2.127043
940,0,0.428943,0.008617,0.7128
941,0,0.293474,0.243336,-0.305437
942,0,-2.276404,-0.248234,0.475859
943,1,-1.561046,-3.156312,2.265296
944,0,-0.567484,0.814521,-0.044068
945,0,1.142884,0.670771,-0.352795
946,1,2.913196,-2.175707,1.398883
947,0,-2.622754,-0.351247,1.153162
948,1,-1.1176,1.625822,2.290934
949,0,-1.371578,-1.253979,0.678789
950,1,3.749797,-2.017532,2.217209
951,0,-2.018737,1.099208,0.368444
952,0,2.051277,-0.521605,-1.564483
953,1,-0.825581,-4.264753,-2.494089
954,1,-1.734846,-1.985435,-1.667225
955,0,-0.673323,1.092881,0.821755
956,0,2.172462,-1.21351,-0.937036
957,0,0.313176,-0.523889,-0.167702
958,1,4.596381,1.846916,-1.389809
959,0,1.960564,0.083665,-1.364831
960,1,-1.463338,2.801799,-1.316859
961,0,0.455343,-1.078006,1.066434
962,0,-0.919602,0.02054,-0.672002
963,0,0.180482,-0.474425,0.208361
964,0,-0.528687,-0.019388,0.633086
965,0,-0.063988,0.434208,-0.10717
966,0,1.270173,-0.64199,0.431321
967,1,-0.217611,-2.006535,0.610817
968,1,0.363346,-0.368716,0.410991
969,1,1.120763,0.990001,2.903017
970,1,1.316771,-1.509549,-0.079068
971,0,-2.050118,2.058848,-1.197441
972,0,-1.280404,-0.307074,-0.674908
973,0,1.012605,0.291609,-0.458382
974,0,2.760792,-2.001645,-0.112183
975,1,1.610906,-2.44387,1.879738
976,1,1.171065,-0.450688,-1.500557
977,1,-3.688449,2.707712,-0.175913
978,1,0.711409,-1.073871,4.016639
979,1,2.399083,0.8917,1.831957
980,0,1.585942,-1.840873,-0.854719
981,0,-2.328905,-0.151818,-0.203497
982,1,-1.330741,-3.025782,-0.934612
983,1,-0.876541,0.079653,2.194619
984,1,1.488506,1.245495,2.64711
985,0,-0.187848,-0.62217,0.688559
986,0,-2.461362,0.837879,0.921676
987,0,1.800119,-2.259774,-0.354962
988,0,-2.172615,-0.210869,2.108798
989,1,-0.007711,3.930105,5.650475
990,0,3.030865,0.259961,-1.467453
991,0,-1.380851,1.94605,-1.030189
992,1,0.552615,-1.731608,2.056287
993,1,1.674034,-3.416617,1.226466
994,1,0.21119,0.073723,0.626103
995,0,-2.40679,-0.023861,-0.325197
996,0,1.829725,-0.75912,0.332879
997,1,1.17825,-1.741441,-5.552513
998,0,-0.453398,0.262106,-1.390153
999,0,-0.868874,0.308797,0.193164
1000,0,-0.211191,0.519153,0.061704
1001,0,0.449092,-1.686464,1.712198
1002,0,0.979441,-0.496177,0.183363
1003,0,0.93897,1.231761,-1.128641
1004,0,1.97659,1.040875,-2.312169
1005,0,2.946693,-0.820272,0.274573
1006,0,-1.037771,0.857632,-1.206544
1007,0,-1.001626,0.71138,-0.078704
1008,1,-2.319373,-2.038029,3.339161
1009,0,1.594517,0.736024,-0.752963
1010,1,0.819889,-3.08504,-4.00388
1011,1,2.174404,0.747378,4.184932
1012,1,-0.322565,1.52435,1.884851
1013,0,0.498641,-1.428155,1.083648
1014,1,1.55795,0.093312,1.363664
1015,1,0.324611,-4.129189,0.79874
1016,0,0.251221,1.926291,-0.039891
1017,1,-0.559274,-1.670169,-1.350815
1018,0,1.986295,-1.157853,-0.712476
1019,1,-1.181315,1.097901,-2.126142
1020,0,0.063694,-0.779696,-0.386582
1021,1,0.605004,0.312426,-1.338196
1022,1,-3.311508,0.94073,-2.926783
1023,0,0.829557,-0.486977,0.168111
1024,1,1.930644,0.009305,-2.166353
1025,0,-1.298867,1.138884,0.376069
1026,1,3.188486,-0.166714,0.525516
1027,0,-0.646371,1.064924,-0.826808
1028,1,6.618855,-1.618861,0.828641
1029,1,1.089348,-1.00849,-1.392089
1030,0,-2.90233,0.47201,-0.004263
1031,1,1.135307,-2.155417,0.775705
1032,0,-0.161794,1.490831,-1.377036
1033,0,-0.542224,-1.376721,-0.18566
1034,1,1.154063,0.567056,2.680376
1035,1,-1.132752,0.829996,0.704107
1036,1,3.155028,-0.018759,0.596052
1037,0,-0.624799,0.87602,-0.368734
1038,1,3.306018,1.350768,0.068937
1039,1,1.613427,-0.908247,0.520132
1040,0,-0.489301,-0.250152,1.280763
1041,1,0.417368,-1.114123,0.343083
1042,0,-2.514501,1.553972,-2.042469
1043,0,1.061351,-0.210165,3.232366
1044,0,-0.317812,0.465391,-0.077292
1045,1,-0.963821,-1.509101,1.908117
1046,0,-1.090246,0.317615,-0.068664
1047,1,2.952082,1.926197,3.371361
1048,1,0.521914,-0.198121,0.423373
1049,1,3.784195,2.638149,1.596845
1050,1,2.504616,3.478937,7.001533
1051,1,1.577221,3.511298,1.75503
1052,0,-1.730023,0.952661,-1.442969
1053,0,-0.094009,0.446865,-0.140327
1054,1,0.168883,2.506084,-1.098468
1055,0,-4.083284,1.370349,-1.152583
1056,1,-1.026426,-1.521138,3.845404
1057,0,3.374895,-1.852478,-0.089884
1058,1,1.826811,0.342079,2.976886
1059,0,-1.373394,0.217864,0.491648
1060,0,2.091468,0.207905,-0.55142
1061,0,0.275027,-0.000452,1.091266
1062,1,1.385708,1.172468,1.343489
1063,0,0.692617,-0.262602,-0.580051
1064,0,0.99445,1.123105,-0.958401
1065,0,-1.879977,0.000401,-1.521801
1066,0,-1.367122,1.152416,-1.08249
1067,0,-2.270369,-0.62643,1.917309
1068,1,1.412157,-0.065399,2.460882
1069,1,5.568151,2.511674,3.488843
1070,1,1.387543,-0.414127,-0.165416
1071,0,0.000972,-0.065888,-1.12007
1072,0,-0.819688,-0.218426,0.853169
1073,1,3.333873,1.850025,0.982029
1074,1,1.92091,0.884386,3.777407
1075,1,-0.813441,-2.626304,-1.176294
1076,1,-2.148428,1.197433,-0.679684
1077,1,3.209575,-0.50793,2.184496
1078,1,-1.594204,2.135766,0.169948
1079,0,-3.994059,0.698789,2.1098
1080,1,0.674392,2.156623,-0.767213
1081,0,3.949979,-0.168697,-0.581346
1082,1,-0.335048,2.043124,0.631966
1083,0,0.177803,0.403179,-0.370735
1084,0,-0.816848,-0.088298,0.430056
1085,1,-0.183962,-0.920417,-0.19461
1086,1,-4.497483,-3.110338,2.75039
1087,1,2.164841,-0.51387,0.833797
1088,1,1.712598,-0.080822,-0.867504
1089,0,-0.225354,0.849432,1.579015
1090,1,2.206862,-0.06798,-1.717319
1091,0,1.288481,0.916778,-0.314175
1092,0,0.044746,0.500757,0.255954
1093,1,0.782922,2.822647,2.476692
1094,1,-3.540453,1.108493,-0.509927
1095,1,1.279344,1.050988,1.151123
1096,0,1.714528,-0.105237,0.014658
1097,1,5.184057,2.003096,0.447439
1098,1,-0.60433,2.711785,-0.570292
1099,1,-0.01791,-4.388704,-2.344707
1100,0,-2.892317,0.64659,-0.323139
1101,1,0.194612,-4.32168,2.865114
1102,1,3.640467,2.978014,1.561539
1103,0,-3.964965,0.261046,-0.588885
1104,0,3.063424,-0.656875,0.031775
1105,1,2.021779,1.509237,2.006374
1106,1,0.381689,-2.205651,-0.76684
1107,0,-0.263692,-1.016026,-0.335728
1108,1,0.030876,-3.566837,0.955917
1109,1,-0.119534,-1.178671,2.160137
1110,0,1.192916,-0.446995,-0.44778
1111,0,-3.597407,0.021936,1.266541
1112,0,-6.258374,1.919161,2.066874
1113,0,-1.592632,1.246592,1.13058
1114,0,2.003731,-0.380235,-0.61985
1115,0,-0.43065,-0.740599,0.250095
1116,0,-3.446443,0.201701,0.59485
1117,1,2.964402,2.07143,0.119775
1118,1,2.352743,2.381632,1.381597
1119,0,1.26723,0.173525,-0.743666
1120,1,0.597498,0.107566,1.982791
1121,0,0.883526,-1.989055,1.685169
1122,1,1.299214,1.199781,-0.402479
1123,1,4.373818,-1.510204,2.439989
1124,0,-0.292095,0.862137,-0.678396
1125,0,0.713539,-1.844541,-0.968597
1126,0,-0.308064,0.948201,0.595964
1127,0,2.572371,0.124115,0.889714
1128,1,0.326087,-0.479846,-0.95083
1129,1,2.338669,2.786579,2.06561
1130,1,0.140121,2.579257,1.885106
1131,0,5.053186,-0.442015,0.450122
1132,1,0.526722,0.293367,3.990199
1133,1,0.227668,-3.519303,-0.828917
1134,0,0.462679,-0.751857,-0.164874
1135,0,3.37812,-0.650314,0.085479
1136,1,3.2548,0.942709,0.392617
1137,0,-3.556408,-1.986672,2.303278
1138,1,-1.061409,1.538156,1.751984
1139,0,-0.588968,0.601389,-1.40292
1140,1,-1.045877,0.964449,-0.87186
1141,0,5.618113,-1.748418,-1.208095
1142,1,1.565078,2.736344,-2.93549
1143,1,1.357057,1.717962,3.920143
1144,0,1.770404,-0.991943,1.809215
1145,0,5.383492,0.480628,-1.820714
1146,0,-1.321297,-0.012524,1.251065
1147,1,1.823704,0.485815,2.040879
1148,1,0.188225,-2.498327,-1.016436
1149,1,-0.979464,1.302128,2.009609
1150,1,-1.045601,-0.139441,4.496762
1151,0,1.662571,-0.240828,1.087436
1152,1,1.491808,2.353453,1.116139
1153,1,-0.389961,1.051595,1.529555
1154,1,2.234116,0.68766,0.349338
1155,1,-2.622047,0.023602,3.084343
1156,1,2.671128,0.907855,0.673374
1157,1,-0.99252,-0.23958,1.239233
1158,0,0.89174,-0.609445,-1.00482
1159,0,-0.264429,-0.515305,-0.849641
1160,1,2.526506,4.500598,2.040195
1161,1,0.497732,-1.11132,1.461445
1162,1,-2.150343,-3.141137,2.180051
1163,1,5.221391,0.403965,3.561058
1164,0,-1.950429,-0.492616,2.099375
1165,0,0.615422,0.284896,-0.618509
1166,0,0.763713,0.916689,0.443881
1167,1,3.872299,1.736302,2.030537
1168,0,0.076649,1.863497,-1.245605
1169,0,1.307341,1.228838,0.155493
1170,1,2.856047,0.576834,4.436499
1171,1,-1.556282,-0.869403,-1.024086
1172,0,1.342666,-1.386709,0.45418
1173,0,3.596854,-1.346992,-0.158409
1174,1,1.413777,-3.560081,4.475329
1175,1,-1.339908,-1.62546,-1.015733
1176,1,2.794848,-0.820749,1.494159
1177,0,1.75878,-0.528415,0.701056
1178,0,3.463461,-2.189753,-0.603764
1179,1,2.017778,-2.130111,3.987136
1180,1,2.203535,3.039856,4.787026
1181,0,-1.545741,1.078371,-0.436503
1182,0,2.594104,-0.641144,0.263392
1183,0,1.143943,0.330185,-0.813788
1184,1,-0.160688,1.378557,-2.948797
1185,1,2.564162,0.733214,2.857124
1186,1,2.214792,0.981064,-0.752426
1187,0,-0.839815,0.891655,-0.788936
1188,1,2.868805,2.782712,3.427643
1189,1,-0.793928,-1.308292,0.721679
1190,1,0.980959,-2.590821,3.135616
1191,1,1.9071,-1.176296,0.457708
1192,1,0.639718,1.129273,-0.421449
1193,1,1.947574,-3.081351,1.244361
1194,1,0.792667,-1.10064,0.356578
1195,1,2.183823,2.682751,2.439309
1196,0,-3.042956,2.556657,-0.454578
1197,1,2.504898,1.412205,0.313557
1198,1,2.120375,0.601187,-1.233481
1199,1,1.25657,-0.000614,1.477392
1200,1,0.912853,1.130953,1.909748
1201,1,-2.9009,-0.697552,1.29955
1202,0,4.103778,-1.368136,1.023901
1203,0,-4.22849,1.218241,0.494879
1204,0,-5.395628,-0.103749,2.113948
1205,1,-1.559358,-2.202193,-1.638679
1206,0,-0.887751,0.42142,1.15212
1207,0,0.832333,2.520736,-1.478502
1208,0,0.501039,-2.312592,0.880622
1209,0,-0.883961,2.324562,-0.458892
1210,0,0.627193,0.534887,-0.44856
1211,0,0.725856,0.609305,-1.20229
1212,0,-1.180772,-0.09174,0.073983
1213,1,0.686875,-1.096818,1.235338
1214,1,-0.973373,1.323574,1.962766
1215,0,1.993846,0.349099,-0.29533
1216,1,0.934503,-0.734117,1.161301
1217,0,-0.8007,-0.502384,-0.04246
1218,0,-2.916479,0.804126,0.953203
1219,0,-1.512277,-0.690256,-0.229369
1220,1,-0.655098,-1.526409,0.261931
1221,1,-2.098029,-1.304136,-1.525397
1222,1,0.731377,-0.172443,-1.051882
1223,1,-0.148375,-0.216447,3.391261
1224,1,5.103625,0.371834,4.100321
1225,0,1.342338,-2.760777,0.248998
1226,1,0.252332,0.480091,-0.588156
1227,1,-3.19358,-0.291171,3.755801
1228,0,0.517998,-0.033875,-1.036485
1229,0,0.687048,-0.038848,-1.413299
1230,1,1.682126,1.942721,2.670309
1231,0,-0.677278,-0.361324,-0.673739
1232,1,-0.189418,-0.815074,-0.783477
1233,1,1.244132,-2.614492,-1.682526
1234,1,4.574447,0.114864,2.019488
1235,0,-1.71995,0.447422,0.394732
1236,1,-0.493032,-0.943706,2.213555
1237,0,-0.490309,-0.148525,2.392107
1238,0,-1.964032,1.019689,0.199966
1239,0,-0.351756,0.430059,-0.33325
1240,1,-0.348022,1.745958,1.282374
1241,1,-0.952186,-1.503882,-0.757608
1242,0,0.158701,1.334467,-0.477522
1243,0,-2.283171,-0.653537,1.459044
1244,1,-3.293124,-0.023067,0.917644
1245,0,1.749819,-1.162313,0.523242
1246,1,0.904815,-2.138079,-2.800006
1247,1,0.904392,-1.421809,-2.150073
1248,1,-1.772548,-2.317982,2.768204
1249,0,0.876353,0.981776,-0.607492
1250,0,-1.275007,0.356778,-0.950787
1251,1,3.21961,0.075986,2.351816
1252,0,-1.109789,-0.415191,0.437207
1253,1,-0.329178,1.738478,2.950485
1254,0,-0.663829,0.666666,-1.494352
1255,0,-2.385357,0.888917,-0.400871
1256,0,0.761824,1.251268,-1.02532
1257,0,0.918042,0.910851,-1.398319
1258,0,2.980044,0.649457,-1.615278
1259,0,4.556232,-0.337548,-1.141311
1260,1,3.164091,-1.076626,-0.069406
1261,0,3.055932,-0.423368,-2.065634
1262,0,-3.048014,1.150707,-0.98422
1263,0,2.018162,-0.748607,-0.659754
1264,0,2.291282,-1.056599,0.223061
1265,1,0.272276,-1.259891,3.137758
1266,1,3.238959,-0.190411,3.234102
1267,0,-3.078743,1.732523,0.263474
1268,1,1.997209,1.58535,2.037901
1269,0,3.296303,-0.925346,0.75105
1270,1,-0.781714,0.828349,3.186114
1271,1,1.789042,-0.667054,0.664971
1272,0,-3.746381,0.335383,0.200971
1273,0,-0.188364,1.659502,-2.558128
1274,0,0.600618,0.282948,0.365761
1275,0,1.042864,-1.352252,-0.721344
1276,0,-0.520452,-0.107382,0.963535
1277,0,0.819789,-1.613785,0.531203
1278,0,-2.123009,1.215696,0.394447
1279,1,2.447157,-2.783233,1.439179
1280,0,1.255943,-0.795119,1.205766
1281,1,-0.460555,-1.679464,0.05389
1282,1,6.296157,2.862873,5.210736
1283,1,1.083562,-0.96555,0.186961
1284,1,-1.98287,-0.573595,2.527815
1285,1,0.899007,1.33723,0.902159
1286,0,3.8485,0.209058,-1.513297
1287,0,-1.394107,-0.792876,1.255253
1288,0,-1.535508,0.629076,0.526868
1289,1,1.41316,-1.091526,-1.106762
1290,0,3.689062,-1.252149,-0.959904
1291,0,-1.471019,0.357003,-0.257961
1292,0,-0.518079,2.31684,-1.262704
1293,1,-0.300884,0.25401,-2.105543
1294,1,5.544055,2.769994,2.887586
1295,1,0.551844,-1.019318,0.1673
1296,1,3.650284,-1.568027,2.92151
1297,1,4.708194,0.602855,1.378265
1298,0,2.032347,-0.630071,0.327663
1299,1,1.530375,0.704883,-0.344284
1300,1,-0.227157,0.68436,2.056646
1301,1,1.381014,2.840028,3.694682
1302,0,-0.643463,0.546971,-0.250767
1303,0,0.89225,-0.41888,-1.336107
1304,1,-0.15031,-2.235032,0.419959
1305,1,2.298392,1.336372,1.65222
1306,1,0.633165,-2.937108,-1.033385
1307,1,4.542648,-1.850362,0.625863
1308,0,2.285789,-0.931442,0.957914
1309,0,0.20761,0.228027,-1.772206
1310,1,0.849599,-0.761022,0.540279
1311,0,-0.271071,0.218701,-0.281103
1312,0,-1.972757,1.064204,0.690312
1313,0,-1.268569,-0.427432,0.030697
1314,1,-4.101346,0.044105,4.175585
1315,1,-1.813001,-0.831827,-0.729643
1316,0,-2.969118,2.57748,-1.284694
1317,0,0.418607,1.214897,-1.279109
1318,1,0.643805,-0.25914,-0.150208
1319,1,0.768513,0.779632,-1.027733
1320,0,-0.862149,-1.094641,0.25134
1321,1,0.173273,0.530808,-1.078608
1322,1,4.319468,1.6125,1.732919
1323,1,0.799579,-2.725378,2.428477
1324,1,2.774372,0.730251,1.32899
1325,1,1.92852,-1.805366,-0.028038
1326,1,4.366439,2.207333,1.10086
1327,1,2.639688,-0.878533,-3.824098
1328,0,0.326475,-1.10075,0.776293
1329,1,5.063091,1.044524,-0.806521
1330,1,2.19014,-1.486118,2.092438
1331,0,0.107739,0.306487,-0.442125
1332,1,4.791306,3.873042,4.142231
1333,0,-2.488872,-0.928269,1.204006
1334,1,-2.758099,-2.809444,4.18255
1335,1,3.564401,0.136346,2.470564
1336,0,0.577065,1.764409,-0.608855
1337,0,-0.293502,0.242767,0.684017
1338,0,-2.561788,0.596264,0.009265
1339,1,-0.361946,4.062888,1.392961
1340,0,1.958206,-0.89653,-0.200992
1341,0,2.352257,0.124845,-0.71381
1342,0,-1.963957,1.463587,1.587307
1343,0,0.158588,3.499272,-1.432351
1344,0,3.424332,-0.146572,-1.180616
1345,1,-0.394288,3.297354,3.850472
1346,0,-1.032095,0.525019,-1.46803
1347,0,-1.725741,-0.625298,-0.177283
1348,0,-1.86762,-0.120543,0.56695
1349,1,1.843037,-0.257324,0.966737
1350,0,-1.940708,2.277072,-0.230232
1351,1,3.291156,3.086858,-0.717898
1352,0,5.044647,-1.41621,0.615433
1353,1,2.996007,2.260826,-0.848964
1354,1,4.583104,-0.406672,-0.21575
1355,0,-0.900557,0.186204,-1.688794
1356,1,3.279066,-1.619068,2.007705
1357,1,1.319952,-0.969725,1.71931
1358,1,2.035708,-0.348982,1.771602
1359,1,1.897073,0.836958,2.989408
1360,1,0.446818,-2.026869,0.297844
1361,1,1.576353,1.767511,4.830811
1362,0,1.148503,-0.662504,-0.903723
1363,1,-0.169709,2.320284,-2.137773
1364,0,-1.263179,-0.686762,0.853586
1365,1,-1.808662,0.037704,1.440981
1366,1,2.12915,-0.0109,0.932495
1367,0,-2.917537,0.581804,0.242446
1368,0,-3.894633,-1.147501,0.843729
1369,1,2.404522,-1.292551,3.845485
1370,1,2.047671,-0.020895,0.225833
1371,0,-1.318139,-1.494817,0.515185
1372,0,-0.734471,0.601249,0.965747
1373,0,-2.165055,-0.173279,0.68717
1374,0,0.044346,1.294331,-0.355162
1375,1,4.148854,1.086155,1.680445
1376,1,-0.869605,1.024421,1.612081
1377,0,-1.775,0.750629,0.976812
1378,1,0.325645,-2.118135,-2.720266
1379,0,-0.406835,-1.571757,1.573261
1380,1,-0.059022,2.698401,3.999293
1381,0,1.245395,-1.277461,1.783902
1382,1,1.111876,3.095026,3.969385
1383,0,-3.232434,-0.718366,2.367774
1384,0,1.394516,0.364086,-0.557865
1385,0,2.386392,-1.39974,-0.066176
1386,1,0.211111,1.016411,3.039696
1387,1,1.870352,1.533849,0.734675
1388,1,-0.594371,0.244195,2.573577
1389,0,1.814842,1.41419,-1.843851
1390,0,1.09241,0.050565,0.363399
1391,1,1.28717,0.336652,2.314188
1392,0,-0.420538,1.920461,-0.978186
1393,0,-0.625816,0.807154,-0.746738
1394,1,1.803398,4.356105,0.880663
1395,0,-1.467727,0.181521,-0.823037
1396,1,0.759935,1.729962,1.848157
1397,1,2.27445,1.485998,-0.079851
1398,1,-1.828437,-3.454198,0.253329
1399,0,-4.92646,-0.304596,0.264529
1400,0,3.433515,-1.407047,0.176005
1401,1,0.123747,-1.850362,-0.442999
1402,1,1.899697,-0.074173,2.549702
1403,1,4.547412,2.853709,1.469462
1404,1,0.903298,-1.968302,0.885267
1405,1,2.986811,-2.015671,2.262129
1406,0,0.999649,-0.750306,-1.491003
1407,1,1.550526,-1.242767,2.322723
1408,1,3.412271,-1.534949,0.894743
1409,1,1.667164,0.114312,2.982034
1410,0,2.704902,-0.02202,-0.987574
1411,1,1.386842,-0.203197,1.710287
1412,0,1.306599,-1.082167,0.155167
1413,0,-2.253863,-0.838246,0.870281
1414,1,2.037465,-2.240981,1.682373
1415,0,1.247377,0.089937,-0.44622
1416,1,-2.234277,-1.947207,0.50696
1417,1,0.192968,-3.102941,-0.434567
1418,0,-0.871585,0.91178,-0.298292
1419,1,-3.550357,-2.558879,-1.139987
1420,0,1.924105,-0.363422,-1.274462
1421,0,3.383267,-0.60594,-0.66587
1422,0,0.437851,-1.034091,0.953095
1423,0,-1.263327,0.645388,1.645254
1424,0,0.320284,0.448636,2.127196
1425,0,0.975583,0.443908,0.045447
1426,0,1.490719,0.573399,-0.75761
1427,1,1.992423,-1.825766,1.710045
1428,0,1.152555,-0.908287,-0.67713
1429,1,2.44355,2.11004,4.472702
1430,0,-1.80487,1.350051,1.009029
1431,1,2.564333,2.279849,1.840456
1432,1,1.277112,-2.796878,-1.618961
1433,1,-0.2427,0.04347,0.873776
1434,1,1.125516,-2.700405,3.552306
1435,0,4.007666,-0.307045,-0.786357
1436,0,2.320285,-0.947917,1.541123
1437,0,2.116165,-1.160123,-0.742104
1438,0,2.206045,-0.743024,1.619877
1439,1,3.901637,2.000183,5.082179
1440,1,-0.977206,0.531964,0.773438
1441,0,-1.663483,0.67392,0.356139
1442,1,-0.500787,0.131505,-0.839395
1443,1,-0.044651,0.44863,-0.534874
1444,1,0.395911,2.626847,2.961924
1445,1,0.964429,-5.039845,-0.180696
1446,1,1.783385,-0.044789,4.095078
1447,1,1.104021,1.554835,2.859188
1448,0,0.076273,-0.369429,1.187701
1449,0,-1.936151,1.165643,-1.33991
1450,0,-0.469372,-0.333169,0.166136
1451,1,3.69595,1.599373,4.030786
1452,0,0.029576,-0.067256,-0.485402
1453,0,-2.727784,0.060272,0.117722
1454,1,0.517602,0.354385,-0.709755
1455,1,0.423693,1.072121,3.403195
1456,1,1.638315,-2.071897,1.325153
1457,0,0.600699,0.051403,1.108722
1458,1,0.482014,5.013673,0.924776
1459,1,0.143457,-1.520479,2.669499
1460,1,1.092605,0.375891,-1.433588
1461,1,1.419213,1.243336,1.919218
1462,0,-0.865116,-0.285715,1.303014
1463,0,-1.102567,-0.20931,0.37918
1464,1,3.124643,1.211513,4.712514
1465,0,2.886893,-1.042316,0.503916
1466,0,-0.432488,-0.890893,0.403529
1467,0,-1.005475,-0.529422,-2.524803
1468,1,1.006079,-0.620972,1.743406
1469,1,1.60242,1.109388,-1.891618
1470,0,0.202189,-0.3654,-1.274223
1471,0,0.664223,1.091109,-0.008612
1472,0,-1.886349,1.828346,-1.38691
1473,1,-5.712221,-2.643159,-0.97916
1474,1,0.226647,-4.428583,-2.726021
1475,0,0.946568,0.795732,-2.393276
1476,0,2.747521,0.422628,-2.418615
1477,0,1.728249,-0.15075,1.091471
1478,1,-1.350435,0.417855,1.205856
1479,1,0.842655,-1.127423,2.180791
1480,1,-0.230308,-1.732472,-0.886938
1481,1,3.071001,-1.710953,2.044475
1482,1,-0.387363,0.012054,-0.361031
1483,0,-0.440323,-0.53894,-0.473832
1484,1,0.925233,-3.164209,-2.781698
1485,1,1.12271,-1.156009,1.767047
1486,0,-0.398961,-0.497314,2.515713
1487,0,1.305282,1.249795,-0.250902
1488,0,0.49766,-1.355568,0.490266
1489,1,1.100223,3.709603,1.817743
1490,0,-1.153206,1.230438,-1.153604
1491,0,-2.4586,0.301172,0.10588
1492,1,0.04968,2.008085,0.448865
1493,0,0.636902,-0.012191,-1.19068
1494,0,-2.736761,0.107741,0.834699
1495,0,0.626158,0.114991,0.829719
1496,0,1.886942,0.486413,-0.202275
1497,1,2.070416,1.392343,0.453822
1498,0,-1.998934,0.480824,0.248273
1499,1,0.788441,4.655216,4.203169
1500,0,1.476627,-0.614763,0.273997
1501,0,-1.058749,-0.593268,-0.212156
1502,0,0.253181,0.483286,-0.134862
1503,1,1.155131,-3.222588,1.718668
1504,1,3.632071,1.181348,0.745173
1505,1,2.488846,-2.90775,-0.982221
1506,1,2.707983,-2.010713,2.306174
1507,0,0.211679,-1.216536,-0.946419
1508,0,-3.761729,-0.739053,1.698339
1509,0,-1.57201,-1.077717,-0.376221
1510,0,-0.074429,-0.757259,-0.32351
1511,0,0.783783,0.52392,0.889964
1512,1,1.2651,1.598497,3.249121
1513,1,1.962421,2.630729,-0.540383
1514,1,-0.398555,-0.672332,-4.031498
1515,1,3.073636,2.675133,3.835092
1516,1,3.540599,0.759436,3.349149
1517,1,0.657487,-0.001451,2.206719
1518,1,1.557844,-2.988634,4.670325
1519,1,-0.715679,-0.490585,3.535438
1520,1,4.204539,-1.799687,-0.076992
1521,0,0.767933,-1.343603,-0.676607
1522,0,0.281235,0.223997,-0.480825
1523,1,-0.515386,-1.756877,2.345746
1524,1,-0.926668,0.460987,-2.46688
1525,0,-0.047197,-0.52273,0.864422
1526,0,-1.833542,-0.161277,1.176105
1527,0,0.455136,0.434937,-0.00243
1528,0,-3.194351,0.225516,2.030681
1529,0,3.243763,0.69641,-1.80187
1530,1,1.662837,2.418217,0.949145
1531,0,-3.889651,-0.654884,1.430952
1532,1,-0.165324,-1.370036,-3.293426
1533,1,-0.518172,2.55218,1.394613
1534,0,-0.583349,1.905491,-0.35518
1535,1,4.078721,-0.913845,2.21421
1536,1,3.771664,1.929203,6.461916
1537,1,2.256407,-3.407503,-0.331638
1538,1,0.710875,1.201012,1.452009
1539,0,2.407196,1.482428,-1.076458
1540,0,0.312108,0.205876,-1.788085
1541,0,-1.891103,0.485987,-0.88754
1542,0,-1.563111,0.39834,1.312464
1543,0,-2.685764,1.050286,1.788916
1544,0,2.444832,-1.62659,-0.256348
1545,1,2.592006,0.892478,1.165277
1546,0,-0.34274,0.183059,0.57076
1547,1,-0.687857,0.495591,2.880135
1548,1,2.202418,-0.817351,1.437741
1549,1,3.051034,3.852526,1.511023
1550,0,-1.582015,1.141305,-0.389359
1551,1,1.657355,0.247188,0.618292
1552,0,1.036146,-0.294896,0.347865
1553,0,3.876827,-0.389355,-1.054975
1554,1,-1.188491,-3.559426,-0.346462
1555,1,1.417715,0.136473,2.760736
1556,1,3.471951,-1.485247,1.19851
1557,0,1.883335,-0.764111,0.421217
1558,0,3.011382,1.310696,-1.119318
1559,0,-2.636363,-0.481855,0.638426
1560,0,-0.765259,0.279016,0.193264
1561,1,0.153764,-0.129511,0.050622
1562,0,0.744786,-0.260043,-0.831785
1563,1,-0.682589,-0.229858,-0.023899
1564,0,1.488533,1.046564,-0.735869
1565,0,1.047041,-1.67415,-0.002392
1566,1,3.540712,0.496084,1.426953
1567,0,0.660764,-1.398171,0.050348
1568,0,-1.672877,-0.041702,0.222821
1569,1,-1.776006,-1.313812,-1.577235
1570,0,-3.632547,0.227489,1.290407
1571,1,-2.269933,2.505227,-3.827552
1572,0,-1.468956,0.784441,-0.177593
1573,1,1.242876,-0.093322,1.236302
1574,0,0.000655,1.100605,-0.218673
1575,1,9.819105,2.255587,3.847143
1576,0,-0.416169,-0.797742,-1.492641
1577,1,1.22566,0.168644,1.452861
1578,1,2.208919,-1.678035,3.544453
1579,0,-1.303311,0.173333,-0.842687
1580,1,4.756981,-1.445265,3.561528
1581,1,3.986196,1.595069,2.021134
1582,0,1.614725,-1.930365,2.238953
1583,1,4.326158,-0.517009,1.92986
1584,1,2.884311,-1.99035,-1.255521
1585,0,-0.187228,0.491757,0.306343
1586,1,2.561983,2.750739,1.312408
1587,1,1.698195,-1.891918,3.296105
1588,0,-0.848409,1.767818,-1.280862
1589,1,3.66528,2.524341,0.279345
1590,1,4.127427,0.142853,0.591526
1591,0,1.399565,-0.159319,-0.400401
1592,0,0.325855,1.590201,1.261078
1593,0,0.085873,-0.931959,-1.03893
1594,0,0.478168,1.117617,-0.290196
1595,1,1.745119,1.421867,1.427941
1596,0,0.132169,-0.534741,-1.486883
1597,0,0.625647,-0.886614,0.299921
1598,1,2.370441,-2.136362,0.224003
1599,0,-1.123659,-2.61369,1.490448
1600,1,-1.978062,0.613057,0.603055
